num,No-PS,eager
1,5.6,11.357975
2,10.8595,21.851018
3,16.64,33.533527
4,20.594,41.501331
5,26.199,52.747119
6,30.904,61.888333
7,35.416,63.349333
8,39.99,75.20551
9,45.2155,76.86901
10,49.852,78.31851
11,55.116,89.069968
12,60.954,90.750968
13,66.1255,92.421468
14,71.2255,102.395864
15,76.866,113.718367
16,82.193,124.139854
17,87.2765,125.782854
18,92.5945,136.302894
19,97.5075,137.809894
20,103.0885,149.245355
21,108.8385,161.261537
22,114.6785,162.937537
23,120.2965,164.596537
24,125.3845,166.251037
25,130.447,167.893537
26,135.499,169.649037
27,140.118,178.765378
28,145.8805,180.452878
29,150.9495,182.103378
30,156.096,183.635378
31,161.72,195.130894
32,166.252,196.757394
33,171.5505,198.292894
34,176.584,208.383176
35,181.1025,210.024676
36,185.824,219.39589
37,190.402,223.98039
38,194.8985,225.69089
39,199.739,235.438345
40,205.1255,237.086345
41,210.431,238.603345
42,215.4965,240.141845
43,219.816,251.130846
44,224.722,252.806346
45,228.9575,257.052346
46,234.109,267.560781
47,239.929,269.239781
48,244.454,270.878781
49,249.587,272.424781
50,254.367,274.097781
51,259.536,275.638281
52,265.1215,277.293781
53,270.0975,287.38082
54,274.686,291.97782
55,279.231,300.990145
56,283.7485,302.724145
57,288.8115,304.476645
58,293.6655,305.974145
59,299.06,307.657145
60,303.7875,317.305526
61,309.3735,328.688081
62,314.6175,330.351581
63,318.6165,332.065081
64,323.9155,333.746581
65,329.3245,344.436815
66,334.3015,346.111315
67,339.282,347.785815
68,343.919,349.540315
69,348.492,354.130315
70,354.282,355.805315
71,359.3425,366.05435
72,363.875,367.68485
73,368.885,369.34585
74,374.723,371.02585
75,379.9725,372.67285
76,385.238,374.36035
77,389.9685,383.847124
78,394.179,392.031652
79,398.2375,393.677152
80,402.966,395.311152
81,408.234,396.982152
82,413.551,407.664742
83,418.278,409.322242
84,424.111,420.915237
85,428.93,430.485888
86,433.139,432.158388
87,438.319,442.697349
88,443.4185,444.375349
89,448.032,445.902349
90,452.7535,447.421849
91,458.017,449.090849
92,462.6305,458.476685
93,466.836,460.134185
94,471.896,461.867185
95,476.4785,470.71025
96,480.6175,474.85525
97,485.9085,476.50075
98,490.903,478.18225
99,495.0565,486.186427
100,499.0825,487.901927
101,503.8005,489.538927
102,507.9505,497.492468
103,512.546,499.052968
104,518.432,500.720468
105,524.181,502.411468
106,528.7635,514.143345
107,534.02,515.828345
108,539.085,517.462845
109,544.4125,527.983385
110,549.39,529.672385
111,554.465,531.521385
112,559.751,533.061385
113,564.557,534.571385
114,569.8855,545.297456
115,574.7465,547.075956
116,580.1355,548.842956
117,585.2145,550.493456
118,590.176,560.164805
119,595.0065,561.655805
120,600.766,563.344805
121,606.4955,565.042305
122,611.3115,566.670305
123,616.576,577.2378
124,621.1805,578.9078
125,626.359,580.7553
126,630.5725,582.4348
127,635.9765,584.1163
128,640.9455,585.7673
129,645.7245,587.4413
130,651.567,599.057234
131,656.0515,600.798734
132,660.0545,602.437734
133,665.4525,604.090734
134,670.751,605.638734
135,675.811,607.298734
136,680.867,608.952234
137,685.4225,613.514734
138,689.9355,615.135734
139,695.667,616.819734
140,700.7125,626.765553
141,705.0885,628.568053
142,710.7245,630.427553
143,715.3055,639.293909
144,719.7985,641.022909
145,724.3025,642.691909
146,729.5725,644.385909
147,733.981,645.859909
148,739.711,647.537409
149,744.2775,649.094909
150,749.3315,650.930909
151,754.4015,652.578909
152,760.187,654.251909
153,766.026,655.912409
154,771.758,657.602409
155,776.863,659.366409
156,782.145,661.027909
157,786.136,662.636409
158,791.475,673.044113
159,796.0375,681.992738
160,800.6255,686.543738
161,805.6655,688.085738
162,810.2005,689.810238
163,814.7035,691.460738
164,819.2245,692.917238
165,825.037,704.530861
166,829.617,706.140861
167,834.648,707.878361
168,839.281,717.158333
169,844.6785,718.823833
170,849.9145,729.131041
171,855.7535,740.860119
172,859.6965,742.502119
173,864.258,744.007119
174,869.551,754.935899
175,874.87,756.462899
176,879.332,758.130899
177,883.95,759.806899
178,888.9835,761.401399
179,894.238,763.068399
180,899.386,773.434704
181,903.91,775.234704
182,908.039,779.383704
183,913.8495,790.975981
184,918.3715,792.703981
185,923.619,794.394481
186,928.672,796.046981
187,933.0355,797.698481
188,938.639,799.477981
189,944.027,800.939481
190,949.768,802.629481
191,955.0745,804.179981
192,960.934,815.996554
193,965.439,817.643554
194,969.4645,819.272554
195,974.737,820.918054
196,980.5545,822.620554
197,985.528,824.160054
198,991.346,825.841054
199,996.08,827.487054
200,1001.2575,837.735208
201,1006.277,839.419708
202,1010.9275,840.935208
203,1016.786,842.602208
204,1021.8095,844.438708
205,1026.87,846.180208
206,1031.4505,847.785708
207,1036.33,857.358761
208,1041.9215,859.009761
209,1047.448,870.237936
210,1052.339,871.755936
211,1056.3385,873.407436
212,1060.8535,875.119436
213,1066.7125,876.800436
214,1071.5385,886.472972
215,1076.0315,888.127472
216,1081.391,898.649675
217,1086.97,900.440175
218,1091.5475,902.059175
219,1096.8595,903.597175
220,1102.225,905.130175
221,1106.746,906.886175
222,1112.358,918.335176
223,1116.574,919.949176
224,1122.1035,921.615176
225,1126.699,923.136176
226,1131.236,924.876176
227,1136.5425,926.658176
228,1141.2805,928.314676
229,1146.025,929.966176
230,1151.338,931.512176
231,1157.055,943.455977
232,1161.204,945.054977
233,1166.473,946.730477
234,1171.052,948.292477
235,1176.317,950.077977
236,1181.583,951.724977
237,1186.6745,953.389477
238,1191.7345,955.126477
239,1197.578,956.811977
240,1202.6785,958.352477
241,1206.9925,966.610388
242,1211.578,971.206388
243,1217.422,972.862888
244,1221.8995,981.862671
245,1227.712,983.530171
246,1233.5585,995.431743
247,1239.3335,1007.400573
248,1245.171,1009.282573
249,1250.543,1020.033427
250,1256.2785,1032.065734
251,1261.5545,1033.753734
252,1265.691,1035.392734
253,1271.2135,1037.047734
254,1276.962,1038.713734
255,1281.1995,1040.391734
256,1285.9425,1041.977234
257,1290.5095,1043.493234
258,1295.8235,1045.070734
259,1301.6345,1046.746734
260,1306.003,1048.355234
261,1311.7695,1050.022234
262,1317.434,1051.795234
263,1322.0195,1053.418234
264,1326.5745,1055.061734
265,1331.118,1056.704734
266,1336.4145,1058.343234
267,1340.9255,1059.997734
268,1345.3875,1061.668234
269,1350.1405,1063.315234
270,1354.1875,1065.034734
271,1359.7965,1066.677234
272,1364.007,1068.349734
273,1368.497,1070.072734
274,1374.102,1071.870234
275,1379.8305,1073.487734
276,1384.814,1075.163234
277,1390.4315,1076.825734
278,1394.952,1078.357734
279,1400.124,1080.036234
280,1404.686,1081.692234
281,1409.289,1090.51401
282,1413.7995,1092.14251
283,1419.643,1094.03901
284,1423.841,1095.71051
285,1428.5825,1097.34701
286,1433.147,1098.82051
287,1438.337,1100.36101
288,1442.914,1109.493537
289,1447.7395,1111.264037
290,1453.5715,1123.025026
291,1457.784,1124.702026
292,1462.9445,1126.425526
293,1467.1035,1127.977526
294,1472.454,1129.520026
295,1478.2125,1131.162526
296,1483.547,1132.920526
297,1488.3785,1134.361526
298,1493.6215,1136.027026
299,1498.2,1137.581526
300,1502.7865,1139.143026
301,1508.3085,1140.796026
302,1513.6125,1142.544526
303,1518.4165,1144.074026
304,1523.323,1145.745526
305,1528.629,1147.266026
306,1532.632,1148.883026
307,1537.1255,1150.524526
308,1541.27,1152.068526
309,1546.3475,1153.706526
310,1551.654,1155.250026
311,1557.2395,1157.017526
312,1561.8475,1158.561526
313,1566.4115,1160.103026
314,1571.1295,1161.733526
315,1576.4305,1163.262026
316,1581.4675,1165.028026
317,1586.719,1175.951354
318,1592.2455,1187.336262
319,1597.6195,1188.863262
320,1603.235,1190.636762
321,1608.478,1192.318262
322,1613.78,1194.070762
323,1619.0135,1195.784762
324,1623.7905,1197.315762
325,1627.8215,1198.927762
326,1631.981,1200.479262
327,1636.8215,1202.011262
328,1642.653,1203.899262
329,1647.755,1205.531262
330,1652.2035,1207.240762
331,1658.029,1208.956262
332,1663.3425,1210.491762
333,1668.0775,1211.945262
334,1672.636,1213.504762
335,1677.6985,1215.238762
336,1683.2635,1216.998762
337,1688.8705,1218.668762
338,1694.4765,1220.434762
339,1698.8235,1222.007262
340,1702.8135,1223.618762
341,1706.766,1225.265262
342,1712.1275,1235.93643
343,1716.635,1237.57993
344,1722.464,1239.26193
345,1727.7755,1240.91143
346,1732.337,1242.46993
347,1737.9365,1244.23093
348,1742.779,1245.97643
349,1746.797,1247.69343
350,1750.958,1249.25143
351,1756.1805,1250.91543
352,1760.823,1252.65293
353,1764.8125,1254.45293
354,1770.14,1255.98093
355,1775.7625,1257.78693
356,1781.1555,1268.490252
357,1786.5015,1270.024252
358,1791.033,1271.662252
359,1795.681,1273.233252
360,1800.7065,1274.897752
361,1805.77,1276.414752
362,1811.538,1278.115752
363,1816.965,1279.982752
364,1821.5865,1281.549252
365,1826.673,1283.193252
366,1831.738,1284.920252
367,1836.2545,1286.516752
368,1840.891,1288.063252
369,1846.3055,1289.584252
370,1851.386,1291.117752
371,1855.917,1292.777752
372,1860.253,1294.413252
373,1865.6315,1295.982752
374,1870.1655,1297.712752
375,1875.7605,1299.373252
376,1881.2,1301.100252
377,1887.0715,1302.987252
378,1892.3575,1304.658252
379,1897.208,1306.250752
380,1901.402,1307.811752
381,1905.988,1309.368252
382,1911.806,1311.038252
383,1917.1555,1312.582752
384,1922.1825,1314.099252
385,1926.747,1315.614752
386,1931.335,1317.172752
387,1936.2975,1318.945752
388,1940.9035,1320.502252
389,1945.1135,1322.153752
390,1950.17,1323.837252
391,1955.485,1325.361752
392,1961.1705,1327.027752
393,1965.754,1335.966024
394,1969.7535,1337.606024
395,1974.401,1339.132524
396,1979.651,1340.801024
397,1985.051,1342.430524
398,1990.336,1344.096024
399,1995.152,1345.698524
400,2000.4965,1347.227524
401,2006.3805,1359.098183
402,2011.577,1360.760183
403,2016.648,1362.502183
404,2021.737,1364.242683
405,2025.9545,1372.695089
406,2031.0205,1374.208089
407,2035.2855,1375.827089
408,2039.805,1377.467589
409,2044.537,1378.991589
410,2049.542,1380.664089
411,2054.1045,1382.291589
412,2059.1825,1384.027589
413,2064.1885,1385.681089
414,2069.241,1387.421589
415,2074.8665,1389.313089
416,2079.551,1390.890089
417,2084.0725,1392.527589
418,2089.4125,1394.267089
419,2094.4115,1395.910589
420,2099.478,1397.568589
421,2103.9325,1399.154589
422,2108.97,1400.909589
423,2114.5445,1402.577589
424,2118.7925,1404.146089
425,2123.166,1405.702089
426,2128.3905,1407.255589
427,2133.7815,1409.031089
428,2138.621,1410.556589
429,2143.3545,1412.316089
430,2148.2055,1413.946089
431,2153.4995,1415.594089
432,2157.8705,1417.144589
433,2163.6975,1418.826589
434,2168.016,1420.368089
435,2173.378,1431.225159
436,2177.621,1432.776659
437,2182.2165,1434.349159
438,2187.9675,1435.965159
439,2192.4775,1437.675159
440,2197.0705,1439.234159
441,2202.9005,1441.136159
442,2208.088,1443.048659
443,2213.923,1444.932159
444,2219.724,1446.604159
445,2225.577,1448.292659
446,2230.0875,1449.990159
447,2234.7695,1451.661659
448,2240.6205,1453.332159
449,2246.483,1455.219659
450,2251.091,1456.790159
451,2256.0115,1458.329159
452,2260.6245,1459.868159
453,2264.837,1461.548159
454,2270.7005,1463.210159
455,2275.607,1464.739659
456,2281.2045,1466.527159
457,2285.793,1468.163159
458,2290.4005,1469.710159
459,2295.7425,1471.439159
460,2301.1535,1473.115659
461,2305.915,1474.772659
462,2311.24,1476.528159
463,2316.6105,1478.178159
464,2321.9055,1488.993163
465,2327.499,1490.758663
466,2332.3925,1492.287663
467,2338.168,1493.908163
468,2343.5805,1495.553163
469,2348.9165,1497.309663
470,2353.855,1498.837663
471,2359.4895,1500.689163
472,2365.043,1502.347163
473,2370.442,1504.106663
474,2376.3055,1505.781163
475,2381.4075,1507.507163
476,2387.25,1509.181163
477,2392.051,1510.723663
478,2397.914,1512.406663
479,2401.9035,1514.050663
480,2406.038,1515.611663
481,2411.4125,1517.255663
482,2416.74,1519.000163
483,2421.2165,1520.744663
484,2425.8025,1522.339663
485,2431.146,1523.770663
486,2436.1515,1525.439163
487,2441.3525,1527.119663
488,2447.226,1528.866163
489,2452.8365,1530.627163
490,2457.675,1532.271663
491,2462.999,1533.920663
492,2467.2265,1535.601163
493,2473.081,1537.263163
494,2478.4045,1548.111235
495,2483.738,1549.650735
496,2487.781,1551.357735
497,2493.103,1553.109735
498,2498.0255,1554.698735
499,2503.039,1556.371235
500,2508.3505,1558.026235
501,2513.4545,1559.682735
502,2518.335,1561.210235
503,2524.156,1562.882735
504,2528.6725,1564.701235
505,2534.3275,1566.363235
506,2539.6775,1580.081986
507,2545.0135,1581.939986
508,2549.9375,1583.455486
509,2555.3365,1585.028486
510,2560.663,1586.547486
511,2565.7345,1588.195486
512,2570.744,1589.871486
513,2574.7275,1591.530486
514,2579.3395,1593.083486
515,2584.898,1604.614287
516,2589.4705,1606.178787
517,2594.8275,1616.729088
518,2600.6685,1618.413588
519,2605.717,1620.241588
520,2610.2885,1621.858088
521,2615.406,1623.613088
522,2620.4155,1625.146088
523,2626.241,1626.925588
524,2630.9675,1628.606588
525,2636.274,1630.145088
526,2640.758,1631.848088
527,2645.6855,1633.377588
528,2650.2735,1634.918088
529,2655.5925,1636.504088
530,2659.5505,1638.165588
531,2664.1975,1639.932088
532,2669.971,1641.599588
533,2675.355,1643.246088
534,2681.0925,1644.918588
535,2686.387,1646.561088
536,2691.4905,1648.300088
537,2696.0495,1649.876088
538,2701.8145,1651.568588
539,2707.004,1653.314088
540,2711.466,1654.966588
541,2716.7355,1656.628088
542,2721.191,1658.284088
543,2726.5015,1660.124088
544,2730.988,1661.822588
545,2735.791,1663.343588
546,2740.401,1664.947588
547,2744.916,1666.415088
548,2749.733,1667.949088
549,2755.1475,1669.713588
550,2760.5205,1671.361088
551,2766.192,1673.021588
552,2770.935,1674.661588
553,2775.5175,1676.216588
554,2780.321,1677.779088
555,2784.4895,1679.330588
556,2789.491,1689.593244
557,2794.666,1691.118244
558,2799.6965,1692.702244
559,2805.0505,1694.353744
560,2810.89,1696.022744
561,2816.417,1697.665744
562,2821.207,1699.477744
563,2826.0425,1701.005244
564,2830.6115,1702.558244
565,2834.802,1704.108244
566,2840.1685,1705.878744
567,2845.0665,1707.399244
568,2850.007,1708.991244
569,2855.6265,1710.676244
570,2860.6305,1712.347244
571,2866.489,1714.015744
572,2870.482,1715.656744
573,2875.1225,1717.237744
574,2879.1435,1718.864244
575,2884.537,1720.658244
576,2890.285,1722.264244
577,2895.323,1723.897744
578,2899.8535,1725.534744
579,2905.185,1727.194744
580,2910.761,1728.867244
581,2915.011,1730.414744
582,2919.9605,1732.045744
583,2925.372,1733.626744
584,2929.972,1735.192744
585,2935.013,1737.038244
586,2940.664,1738.715744
587,2945.4935,1743.498244
588,2950.492,1745.155244
589,2954.9715,1746.972744
590,2960.305,1748.503744
591,2965.3335,1750.163744
592,2970.657,1751.707244
593,2976.274,1753.470244
594,2980.2875,1755.105244
595,2984.2635,1756.746744
596,2989.858,1758.400244
597,2995.4025,1760.072244
598,3000.441,1761.522744
599,3005.3635,1763.105244
600,3010.7455,1764.778744
601,3016.121,1766.610244
602,3020.8775,1768.238744
603,3025.452,1769.791244
604,3030.072,1771.388744
605,3035.937,1773.064744
606,3041.3125,1774.713744
607,3046.6,1776.252244
608,3051.9015,1777.786244
609,3057.7575,1779.531244
610,3063.013,1781.219744
611,3067.5775,1782.779244
612,3071.5945,1784.436244
613,3075.741,1785.991244
614,3081.609,1787.671244
615,3086.656,1789.422744
616,3091.4965,1791.007744
617,3096.895,1792.676744
618,3101.7225,1794.192744
619,3107.5495,1795.860744
620,3112.1585,1797.421244
621,3117.683,1808.603123
622,3122.7345,1810.264623
623,3128.569,1812.013623
624,3133.964,1813.891623
625,3138.4825,1815.529623
626,3143.5415,1817.302123
627,3149.0885,1819.183623
628,3153.6955,1820.752623
629,3159.074,1822.421623
630,3164.4575,1824.004623
631,3168.457,1825.634623
632,3173.2395,1827.280123
633,3177.21,1828.925123
634,3181.7895,1830.378623
635,3186.306,1832.208123
636,3192.1185,1833.891123
637,3196.092,1835.547123
638,3201.172,1837.285123
639,3205.13,1838.934623
640,3210.4195,1840.576623
641,3216.1595,1842.250123
642,3220.9575,1843.773123
643,3225.177,1845.477123
644,3229.407,1847.026623
645,3233.78,1855.324559
646,3239.335,1856.978559
647,3243.377,1858.627559
648,3248.7015,1860.378059
649,3252.9215,1862.058059
650,3257.1375,1863.724059
651,3262.6785,1865.377559
652,3267.9855,1867.030059
653,3273.3345,1868.775559
654,3278.4125,1870.507059
655,3283.562,1872.048059
656,3288.4635,1873.582559
657,3293.852,1875.167059
658,3299.6435,1876.815059
659,3304.235,1885.813947
660,3308.2385,1887.437447
661,3313.5875,1888.968447
662,3317.571,1890.599447
663,3322.8455,1892.243947
664,3328.039,1893.778947
665,3333.371,1895.525447
666,3338.7655,1897.101447
667,3343.8195,1898.831947
668,3348.6795,1900.378447
669,3354.4945,1902.047447
670,3360.063,1903.708947
671,3365.1305,1905.354447
672,3370.4575,1906.875447
673,3375.9875,1908.533447
674,3379.982,1910.249447
675,3384.701,1911.903447
676,3388.7815,1913.538947
677,3393.412,1918.238447
678,3398.2465,1920.048447
679,3402.83,1928.827548
680,3408.096,1930.489548
681,3412.559,1932.183548
682,3417.094,1933.813548
683,3422.4695,1935.394548
684,3426.481,1937.179048
685,3431.8,1938.851548
686,3436.8315,1940.525048
687,3441.7415,1950.04931
688,3446.4845,1954.82731
689,3450.9585,1956.47731
690,3455.783,1957.99981
691,3461.0725,1959.69031
692,3466.6985,1961.47381
693,3471.547,1963.13431
694,3476.613,1964.88431
695,3480.9805,1966.44081
696,3486.036,1968.25081
697,3490.5625,1969.89431
698,3495.5655,1971.55831
699,3501.064,1973.42581
700,3506.6125,1975.08431
701,3511.6165,1976.75831
702,3517.467,1978.62431
703,3522.4905,1980.35281
704,3527.5455,1981.98581
705,3532.8355,1983.84031
706,3537.837,1985.51731
707,3542.301,1987.05881
708,3548.0075,1988.71981
709,3552.2395,1990.41381
710,3556.485,1991.97431
711,3562.323,1993.91881
712,3567.6245,1995.45631
713,3572.7235,1996.96531
714,3578.55,1998.71081
715,3584.144,2000.37781
716,3589.457,2001.90781
717,3594.491,2003.73731
718,3598.984,2005.39231
719,3603.5725,2006.94331
720,3608.4355,2008.49181
721,3614.303,2010.19781
722,3618.903,2019.07162
723,3623.814,2020.59912
724,3628.822,2022.28362
725,3634.431,2023.94662
726,3638.933,2025.56662
727,3644.755,2027.31162
728,3650.591,2028.99862
729,3655.7405,2030.68862
730,3661.066,2032.22612
731,3666.822,2033.85462
732,3672.647,2035.52962
733,3678.031,2037.10212
734,3682.5595,2038.83412
735,3687.8555,2040.49212
736,3693.1955,2042.06612
737,3698.4155,2043.73662
738,3703.7215,2045.48762
739,3709.0215,2047.27662
740,3714.8755,2048.93562
741,3719.3355,2050.56662
742,3724.6545,2052.32662
743,3729.8165,2054.07612
744,3735.4895,2055.76712
745,3741.12,2057.55212
746,3746.8715,2059.24462
747,3751.363,2060.88762
748,3756.181,2062.53012
749,3760.154,2064.18612
750,3764.689,2065.82712
751,3770.095,2067.59412
752,3774.6835,2069.04212
753,3778.6875,2070.66062
754,3784.3125,2072.32212
755,3789.677,2073.96712
756,3795.4235,2075.64312
757,3800.062,2077.10862
758,3804.868,2078.63162
759,3809.8795,2080.25612
760,3815.1845,2081.78762
761,3820.494,2083.31362
762,3825.4925,2084.99012
763,3831.369,2086.67462
764,3836.236,2088.32612
765,3841.3275,2089.85712
766,3846.933,2091.64312
767,3852.776,2093.38062
768,3858.5225,2095.06962
769,3862.543,2096.70462
770,3867.8465,2098.29062
771,3873.726,2099.96562
772,3878.8185,2101.59512
773,3884.1635,2103.11712
774,3889.3205,2104.64512
775,3895.1615,2106.33112
776,3899.7035,2107.86262
777,3905.4425,2109.46512
778,3910.774,2111.19662
779,3915.695,2112.71862
780,3920.181,2114.37762
781,3924.7695,2115.93712
782,3928.9935,2117.60762
783,3933.4965,2119.19912
784,3939.3665,2120.88612
785,3944.103,2122.57862
786,3949.4185,2124.10562
787,3953.897,2125.75812
788,3958.944,2127.34362
789,3963.569,2129.14262
790,3969.3885,2130.81112
791,3974.4755,2132.55262
792,3979.3595,2134.07562
793,3984.8985,2135.73812
794,3988.8665,2137.38262
795,3994.505,2139.03062
796,3999.0255,2140.66562
797,4004.2325,2142.34362
798,4009.598,2143.93162
799,4014.1455,2145.64162
800,4019.0035,2147.18512
801,4023.6125,2148.69712
802,4027.9835,2150.16012
803,4033.6125,2151.83012
804,4038.226,2160.731138
805,4042.828,2162.333638
806,4048.138,2164.018638
807,4053.4465,2165.792638
808,4058.769,2167.542638
809,4064.598,2169.224138
810,4069.8795,2171.070138
811,4074.6205,2172.533138
812,4080.209,2174.283638
813,4084.971,2175.974138
814,4090.314,2177.542138
815,4094.601,2179.089638
816,4100.438,2180.774138
817,4104.9615,2182.398138
818,4110.8475,2184.069638
819,4116.2115,2185.862138
820,4120.7565,2187.477138
821,4126.585,2189.364638
822,4130.602,2190.994138
823,4135.6955,2192.643638
824,4140.5395,2194.169638
825,4145.8605,2195.707138
826,4150.3795,2197.420638
827,4154.5995,2199.134138
828,4160.2065,2200.902638
829,4165.207,2202.583138
830,4169.563,2204.102638
831,4174.0745,2205.727138
832,4179.119,2207.460138
833,4184.776,2209.120638
834,4189.8205,2210.660138
835,4195.627,2212.336638
836,4201.218,2214.000138
837,4206.2985,2215.744638
838,4210.92,2217.268638
839,4216.048,2218.806138
840,4220.845,2220.335638
841,4225.4265,2222.021638
842,4230.051,2230.922283
843,4235.601,2232.613283
844,4240.485,2234.403783
845,4245.3985,2236.044783
846,4250.455,2237.794283
847,4254.4815,2239.437283
848,4258.982,2241.018783
849,4264.807,2242.692283
850,4268.806,2244.394783
851,4273.398,2245.958283
852,4277.9895,2247.522783
853,4282.9405,2249.279283
854,4287.674,2250.914283
855,4292.2005,2252.564783
856,4296.348,2254.115283
857,4300.582,2255.815783
858,4305.8525,2257.658283
859,4310.883,2259.411783
860,4316.049,2264.248283
861,4321.876,2265.925283
862,4327.163,2267.457783
863,4332.203,2269.103783
864,4336.655,2270.752283
865,4341.233,2272.305783
866,4345.7975,2273.869283
867,4351.055,2275.548283
868,4356.8785,2277.227283
869,4361.894,2278.908783
870,4366.079,2280.459283
871,4371.388,2281.997283
872,4376.452,2283.739283
873,4382.216,2285.339783
874,4387.529,2286.880783
875,4392.347,2288.393783
876,4398.1705,2290.290283
877,4403.4765,2291.924283
878,4408.487,2293.582283
879,4413.7825,2295.114283
880,4419.534,2296.806283
881,4424.3575,2298.394783
882,4428.8175,2300.106283
883,4433.0375,2301.656283
884,4438.8215,2303.278283
885,4443.414,2304.735783
886,4448.6675,2306.410283
887,4454.1865,2308.054783
888,4459.574,2309.710283
889,4464.596,2311.388283
890,4469.1115,2313.115283
891,4473.6245,2314.743783
892,4478.1335,2316.386783
893,4482.6545,2318.027783
894,4487.971,2322.872783
895,4493.2915,2324.416283
896,4497.8525,2325.941783
897,4502.954,2327.619783
898,4507.7055,2329.262283
899,4512.76,2331.015783
900,4518.5665,2332.701783
901,4523.04,2334.366283
902,4528.1335,2336.016783
903,4533.507,2346.620959
904,4538.0115,2348.096959
905,4543.64,2349.747459
906,4548.0645,2351.269459
907,4552.6665,2352.835459
908,4558.4995,2354.685459
909,4563.117,2356.213459
910,4567.6245,2358.023459
911,4573.0155,2359.695459
912,4578.0005,2361.515959
913,4582.99,2363.171459
914,4587.689,2364.697959
915,4593.0765,2366.460459
916,4598.037,2368.111459
917,4602.494,2369.778959
918,4608.115,2371.444959
919,4613.633,2373.117459
920,4618.186,2377.806959
921,4624.0065,2379.676959
922,4628.2285,2381.333459
923,4632.636,2382.852959
924,4636.785,2384.404459
925,4641.815,2386.058459
926,4647.4005,2387.720959
927,4652.995,2389.523959
928,4657.143,2391.079959
929,4662.9675,2392.979459
930,4668.571,2394.744959
931,4673.307,2396.406959
932,4678.278,2398.176959
933,4682.856,2399.735459
934,4688.1805,2401.266459
935,4692.6905,2402.983459
936,4698.1085,2404.625959
937,4702.677,2406.193459
938,4707.5085,2407.778459
939,4713.2405,2409.472459
940,4717.9655,2411.115459
941,4723.7745,2412.795959
942,4729.0945,2414.332959
943,4733.588,2416.002959
944,4739.4435,2417.750459
945,4744.1975,2419.545959
946,4748.6155,2421.066959
947,4754.153,2422.773459
948,4759.1095,2424.307959
949,4764.294,2425.879459
950,4769.082,2427.419959
951,4774.2465,2429.086959
952,4779.3545,2430.824459
953,4784.5315,2432.547959
954,4789.0375,2434.287459
955,4793.4865,2435.853959
956,4798.354,2437.580459
957,4803.443,2439.352959
958,4808.7045,2441.134459
959,4813.3,2442.700959
960,4818.02,2444.349459
961,4823.034,2446.033959
962,4828.039,2447.710959
963,4832.55,2449.172459
964,4838.115,2450.838459
965,4842.845,2452.522459
966,4847.759,2454.044459
967,4853.0095,2455.710959
968,4857.729,2457.400959
969,4862.2125,2459.096959
970,4867.215,2460.787959
971,4872.876,2462.450459
972,4878.188,2463.999959
973,4883.516,2465.534459
974,4888.234,2467.198959
975,4893.03,2468.741459
976,4898.158,2470.398459
977,4903.689,2472.050459
978,4908.748,2473.782459
979,4914.4755,2475.472959
980,4919.2235,2477.112959
981,4925.0935,2478.783959
982,4929.6005,2480.414459
983,4934.645,2481.955959
984,4939.2575,2483.538959
985,4944.08,2485.051459
986,4949.4405,2486.616959
987,4954.1755,2488.255459
988,4959.0855,2489.773459
989,4963.869,2491.301459
990,4968.0935,2492.842459
991,4973.419,2494.511959
992,4978.333,2496.102459
993,4982.2975,2497.752459
994,4986.4185,2499.311459
995,4991.275,2500.949959
996,4997.0085,2502.634959
997,5002.7725,2504.315959
998,5007.401,2505.858959
999,5013.22,2507.603959
1000,5018.03,2509.136459
1001,5023.347,2510.969459
1002,5029.0815,2512.645459
1003,5033.558,2514.296959
1004,5038.941,2515.755459
1005,5044.684,2517.444959
1006,5049.273,2518.994959
1007,5053.8035,2520.625959
1008,5058.7305,2522.142459
1009,5064.0965,2523.896459
1010,5068.918,2525.539459
1011,5074.513,2527.214959
1012,5079.263,2528.876959
1013,5083.231,2530.517459
1014,5087.7615,2532.167959
1015,5093.6035,2533.839459
1016,5098.257,2535.308459
1017,5103.0735,2536.816459
1018,5108.3485,2538.494959
1019,5112.907,2540.060459
1020,5118.7545,2552.051161
1021,5123.2735,2553.684661
1022,5128.4445,2555.354661
1023,5134.0675,2556.999661
1024,5138.6015,2558.814161
1025,5144.3345,2570.786462
1026,5148.9105,2572.406462
1027,5154.7345,2574.152462
1028,5159.772,2575.898962
1029,5165.1205,2577.469962
1030,5169.721,2579.027462
1031,5173.7625,2580.671962
1032,5179.029,2582.359462
1033,5183.8475,2584.101962
1034,5189.469,2585.854962
1035,5194.793,2590.702962
1036,5200.137,2592.223462
1037,5205.549,2593.884962
1038,5210.092,2595.532462
1039,5214.31,2597.229962
1040,5218.8335,2598.963962
1041,5224.0975,2600.596462
1042,5229.8535,2602.205462
1043,5235.671,2604.111462
1044,5240.501,2605.623962
1045,5245.2845,2607.055962
1046,5249.487,2608.617962
1047,5254.282,2613.396462
1048,5258.2815,2615.037462
1049,5262.4845,2616.702462
1050,5266.4635,2624.701553
1051,5272.2875,2626.464553
1052,5277.4975,2628.319553
1053,5282.051,2629.884553
1054,5287.399,2631.470053
1055,5291.9865,2633.031053
1056,5296.2295,2634.679553
1057,5301.2265,2636.365553
1058,5305.9455,2638.004053
1059,5310.9435,2639.683553
1060,5316.7675,2641.350053
1061,5322.599,2643.011553
1062,5327.6775,2644.647053
1063,5333.4065,2646.342053
1064,5338.9965,2648.132553
1065,5343.6155,2649.652553
1066,5347.822,2651.328553
1067,5352.4455,2652.871553
1068,5357.494,2654.628553
1069,5362.535,2656.276553
1070,5367.114,2657.819553
1071,5372.472,2668.2204
1072,5377.5505,2669.8689
1073,5382.813,2671.5864
1074,5388.5595,2683.553584
1075,5392.5715,2685.180084
1076,5397.375,2686.944084
1077,5402.6915,2688.808584
1078,5407.7435,2690.644084
1079,5412.385,2692.183084
1080,5417.2105,2693.708084
1081,5421.816,2695.276584
1082,5426.7155,2696.796584
1083,5431.536,2698.421084
1084,5435.5015,2700.062084
1085,5441.0305,2701.722084
1086,5446.557,2703.365084
1087,5451.917,2704.901084
1088,5457.1125,2706.733084
1089,5463.0115,2708.416084
1090,5467.855,2710.058584
1091,5473.3875,2711.728084
1092,5479.21,2713.610584
1093,5484.957,2715.226584
1094,5489.5795,2716.747584
1095,5494.6055,2718.266084
1096,5500.1555,2719.922584
1097,5505.1565,2721.596584
1098,5510.4065,2723.339084
1099,5515.796,2724.991584
1100,5519.788,2726.706084
1101,5523.978,2728.368584
1102,5528.804,2730.111584
1103,5534.421,2731.988584
1104,5540.1725,2733.670084
1105,5545.275,2735.317084
1106,5551.142,2737.001584
1107,5556.406,2738.669084
1108,5562.0325,2740.436584
1109,5567.6105,2742.108584
1110,5572.278,2743.633584
1111,5576.857,2745.193084
1112,5582.617,2746.862584
1113,5587.663,2748.711584
1114,5593.396,2750.336084
1115,5598.6065,2752.016084
1116,5603.7815,2753.838584
1117,5608.8085,2755.518084
1118,5613.147,2757.028584
1119,5618.068,2761.764084
1120,5623.611,2763.409584
1121,5628.6705,2764.928084
1122,5633.231,2766.593084
1123,5637.2395,2768.292584
1124,5643.063,2769.981084
1125,5647.9665,2771.515084
1126,5652.803,2773.044084
1127,5656.7675,2774.696584
1128,5662.1445,2776.456584
1129,5667.2795,2777.989084
1130,5673.036,2779.658584
1131,5677.5575,2781.301084
1132,5682.396,2782.831084
1133,5687.315,2784.360584
1134,5691.9085,2785.918084
1135,5696.729,2787.581084
1136,5702.466,2789.210584
1137,5707.522,2790.954084
1138,5712.92,2792.629584
1139,5718.532,2794.488584
1140,5723.3985,2796.025584
1141,5728.473,2797.775584
1142,5734.3355,2799.459084
1143,5739.959,2801.244084
1144,5745.137,2802.780584
1145,5750.9055,2804.473584
1146,5756.2275,2806.018084
1147,5761.2195,2807.680084
1148,5765.976,2809.378584
1149,5770.3535,2810.941084
1150,5774.9755,2812.458584
1151,5780.2535,2814.121584
1152,5784.7125,2815.782084
1153,5789.884,2817.310584
1154,5794.398,2818.839584
1155,5799.544,2820.387584
1156,5804.3015,2822.180084
1157,5809.3515,2823.915084
1158,5814.659,2825.765584
1159,5819.24,2827.381084
1160,5824.2635,2828.910584
1161,5829.2705,2830.583584
1162,5833.885,2832.035584
1163,5838.978,2833.562584
1164,5844.247,2835.309084
1165,5849.879,2836.977084
1166,5854.518,2838.556084
1167,5860.2465,2840.253084
1168,5865.16,2841.781084
1169,5869.8655,2843.243084
1170,5874.041,2844.796084
1171,5879.876,2846.469084
1172,5885.6935,2848.369584
1173,5890.972,2850.030584
1174,5895.789,2851.562584
1175,5900.0165,2853.252084
1176,5904.9795,2854.895084
1177,5910.3705,2856.752084
1178,5914.5865,2858.457584
1179,5919.891,2860.300084
1180,5924.3825,2861.889084
1181,5928.3505,2863.674584
1182,5933.497,2865.535584
1183,5938.0745,2867.085584
1184,5942.645,2868.639084
1185,5948.404,2870.319584
1186,5954.232,2872.064584
1187,5958.19,2873.721084
1188,5963.4635,2875.388584
1189,5968.509,2877.053084
1190,5973.9245,2878.892084
1191,5978.4155,2880.510584
1192,5983.4165,2882.181584
1193,5988.734,2883.724584
1194,5993.034,2885.264584
1195,5997.753,2886.793084
1196,6002.6245,2888.385084
1197,6007.088,2890.046084
1198,6011.111,2891.694084
1199,6016.4225,2893.540084
1200,6021.2555,2895.131084
1201,6026.5635,2896.666084
1202,6031.536,2898.351084
1203,6036.82,2900.022584
1204,6041.6025,2901.621084
1205,6047.0055,2903.269584
1206,6051.3855,2904.860084
1207,6055.9545,2906.369584
1208,6060.5475,2907.928584
1209,6065.4775,2909.525084
1210,6071.314,2911.197584
1211,6076.2105,2912.737584
1212,6081.0725,2914.532084
1213,6085.3885,2916.082584
1214,6090.754,2917.726584
1215,6095.9195,2919.380084
1216,6100.567,2920.851084
1217,6104.876,2922.401584
1218,6109.9325,2924.065584
1219,6115.749,2925.961584
1220,6121.533,2927.621584
1221,6126.915,2929.258084
1222,6131.498,2930.789584
1223,6136.0125,2932.529584
1224,6141.7775,2934.229584
1225,6147.1925,2936.016584
1226,6153.093,2937.677084
1227,6158.938,2939.361584
1228,6164.2775,2940.913084
1229,6168.7935,2942.640584
1230,6173.3905,2944.203584
1231,6178.4655,2945.855084
1232,6183.366,2947.500584
1233,6187.3805,2949.228584
1234,6192.1095,2950.669584
1235,6196.6055,2952.314584
1236,6201.07,2953.966084
1237,6205.0375,2955.595584
1238,6210.685,2957.476584
1239,6214.6615,2959.136584
1240,6220.033,2960.877584
1241,6224.603,2962.439584
1242,6229.6935,2964.184084
1243,6234.7185,2965.841584
1244,6240.1205,2967.505584
1245,6245.694,2969.312584
1246,6250.8725,2970.978084
1247,6256.723,2972.839084
1248,6261.446,2974.357584
1249,6266.701,2976.049084
1250,6271.7835,2977.592084
1251,6277.664,2979.280584
1252,6282.9895,2984.129084
1253,6287.544,2985.786584
1254,6292.2995,2987.327584
1255,6298.1055,2989.002584
1256,6303.1425,2990.642084
1257,6308.957,2992.312084
1258,6313.5235,2993.971584
1259,6318.255,2995.605584
1260,6323.577,2997.138084
1261,6328.603,2998.781584
1262,6334.005,3000.653584
1263,6338.8415,3002.291084
1264,6343.8165,3003.951584
1265,6348.413,3005.498584
1266,6354.165,3007.120084
1267,6359.084,3008.632584
1268,6364.144,3010.146584
1269,6369.4855,3011.736084
1270,6374.79,3013.255084
1271,6379.387,3014.795584
1272,6383.6715,3016.368084
1273,6388.663,3018.039084
1274,6392.876,3019.593084
1275,6397.461,3024.284084
1276,6401.9895,3026.016084
1277,6407.7665,3027.662584
1278,6412.7175,3029.207584
1279,6417.249,3031.036584
1280,6423.085,3032.699084
1281,6428.845,3034.350584
1282,6433.573,3036.009584
1283,6438.201,3037.567584
1284,6443.795,3039.365584
1285,6448.8625,3041.013584
1286,6453.0265,3042.565584
1287,6458.8545,3044.468084
1288,6464.271,3046.121584
1289,6468.7845,3047.735584
1290,6473.5985,3049.499084
1291,6478.6665,3051.066084
1292,6483.2285,3052.634084
1293,6489.0685,3054.300584
1294,6493.6555,3055.849084
1295,6499.1975,3057.514084
1296,6504.194,3059.217584
1297,6508.778,3060.760084
1298,6513.774,3062.439584
1299,6518.762,3064.106084
1300,6523.3445,3065.664584
1301,6528.213,3067.205084
1302,6533.122,3068.989584
1303,6538.761,3070.693084
1304,6543.0905,3072.252584
1305,6548.075,3073.784584
1306,6553.4675,3075.357084
1307,6558.8445,3077.023084
1308,6564.584,3078.714584
1309,6569.9705,3080.611584
1310,6574.9685,3082.273084
1311,6579.843,3083.789084
1312,6585.374,3085.468584
1313,6589.344,3087.118584
1314,6593.3285,3088.756084
1315,6597.498,3090.393084
1316,6602.7105,3092.258084
1317,6608.2715,3093.917584
1318,6613.5895,3095.664584
1319,6619.4395,3097.352584
1320,6625.2495,3099.038084
1321,6630.993,3100.729084
1322,6636.8305,3102.411084
1323,6642.603,3104.045584
1324,6647.1785,3105.609084
1325,6652.3385,3107.272584
1326,6657.66,3108.848584
1327,6662.9835,3110.687084
1328,6668.6735,3112.351584
1329,6673.1675,3113.878584
1330,6678.7255,3115.548084
1331,6684.0665,3117.383084
1332,6689.598,3119.307584
1333,6694.681,3120.819084
1334,6699.277,3122.332084
1335,6703.8655,3123.900584
1336,6708.3885,3125.536084
1337,6712.9725,3127.098084
1338,6717.5555,3128.713084
1339,6723.3775,3130.400584
1340,6729.2215,3132.125584
1341,6735.052,3133.802584
1342,6740.669,3135.472084
1343,6744.6445,3137.109084
1344,6748.9865,3138.663584
1345,6753.982,3140.437084
1346,6758.2235,3142.158584
1347,6763.5375,3143.683584
1348,6768.1215,3145.250584
1349,6773.178,3147.002084
1350,6777.8995,3148.692084
1351,6782.941,3150.204584
1352,6787.5765,3151.667584
1353,6792.9425,3153.242084
1354,6798.667,3154.911084
1355,6803.231,3156.628584
1356,6809.1045,3158.285584
1357,6813.1025,3159.913084
1358,6817.0995,3161.550084
1359,6822.8525,3163.242584
1360,6826.885,3164.958084
1361,6831.4625,3166.532584
1362,6836.0815,3168.333084
1363,6841.074,3170.001084
1364,6845.041,3177.876654
1365,6850.1085,3179.624154
1366,6855.195,3181.156654
1367,6859.229,3182.785154
1368,6864.071,3184.524654
1369,6869.1245,3186.171154
1370,6874.9435,3187.846654
1371,6880.6975,3189.546154
1372,6884.9095,3191.222654
1373,6890.1905,3192.896654
1374,6895.5115,3194.435654
1375,6901.076,3196.226154
1376,6905.558,3197.889654
1377,6911.301,3199.583154
1378,6915.8655,3201.152654
1379,6921.7295,3202.840154
1380,6926.2315,3204.316654
1381,6931.296,3206.067654
1382,6936.6125,3207.600154
1383,6940.804,3209.160154
1384,6946.3955,3210.818654
1385,6952.2195,3212.504654
1386,6956.3795,3214.068154
1387,6960.845,3215.748154
1388,6965.4735,3217.216154
1389,6971.0145,3218.865154
1390,6976.5595,3220.537154
1391,6981.2745,3222.173654
1392,6987.0975,3223.850654
1393,6992.195,3225.493654
1394,6997.58,3227.156654
1395,7003.392,3228.815654
1396,7007.911,3230.457154
1397,7013.457,3232.122154
1398,7019.292,3244.100575
1399,7023.808,3245.742075
1400,7028.3395,3247.475575
1401,7032.936,3249.088075
1402,7036.903,3250.705575
1403,7041.9405,3252.236075
1404,7047.0135,3253.879075
1405,7051.589,3255.439575
1406,7057.425,3257.124075
1407,7063.1765,3258.799075
1408,7067.9335,3260.456575
1409,7073.344,3262.142575
1410,7078.629,3263.817575
1411,7083.5765,3265.350075
1412,7089.1625,3267.013075
1413,7093.3905,3268.571575
1414,7097.922,3270.228075
1415,7103.188,3271.908075
1416,7108.475,3273.565075
1417,7113.057,3275.128575
1418,7117.874,3276.640575
1419,7122.461,3278.183575
1420,7126.6235,3279.745075
1421,7132.384,3281.432575
1422,7138.258,3283.101075
1423,7142.8165,3284.661575
1424,7147.382,3286.238575
1425,7151.6105,3294.434784
1426,7156.196,3295.888784
1427,7160.783,3297.445284
1428,7165.0025,3298.983784
1429,7169.2155,3300.655284
1430,7173.3875,3302.215284
1431,7178.731,3303.737784
1432,7184.051,3305.405784
1433,7188.7985,3307.101784
1434,7193.969,3308.777284
1435,7198.5385,3310.335284
1436,7203.591,3312.080284
1437,7208.065,3313.612284
1438,7213.3835,3315.152284
1439,7219.228,3316.825784
1440,7223.828,3318.418284
1441,7229.2125,3320.074784
1442,7234.251,3321.709284
1443,7238.228,3323.353784
1444,7242.747,3325.085284
1445,7246.7715,3326.870284
1446,7252.0955,3328.510784
1447,7256.7005,3330.078284
1448,7261.734,3331.706284
1449,7266.2315,3333.362784
1450,7271.5365,3335.102784
1451,7276.3535,3336.730784
1452,7281.7555,3338.303284
1453,7286.439,3339.837284
1454,7291.0085,3341.379284
1455,7296.428,3343.243284
1456,7300.976,3344.981284
1457,7305.18,3346.637784
1458,7310.757,3348.297784
1459,7316.039,3350.072284
1460,7320.6305,3351.635784
1461,7325.21,3353.184284
1462,7330.103,3354.728284
1463,7334.6705,3356.295284
1464,7340.483,3358.146784
1465,7346.3495,3359.795284
1466,7351.437,3361.439284
1467,7356.194,3362.974784
1468,7360.4145,3364.616284
1469,7365.907,3366.479784
1470,7371.2065,3371.338784
1471,7376.6955,3373.004784
1472,7382.323,3374.750284
1473,7387.414,3376.390284
1474,7392.013,3377.950284
1475,7396.9105,3379.649284
1476,7402.6285,3381.326284
1477,7407.724,3382.857784
1478,7412.2345,3384.594784
1479,7416.4665,3386.247784
1480,7422.275,3388.165784
1481,7427.013,3389.804284
1482,7432.1,3391.464784
1483,7436.813,3393.150284
1484,7442.201,3394.809284
1485,7446.923,3396.285784
1486,7451.9995,3398.024784
1487,7457.4115,3399.605784
1488,7463.147,3401.282284
1489,7467.7645,3402.723284
1490,7472.69,3404.319784
1491,7476.92,3405.993284
1492,7482.277,3407.521284
1493,7487.4305,3409.049284
1494,7492.2495,3410.562284
1495,7496.822,3412.236284
1496,7502.455,3413.994284
1497,7508.0705,3415.656784
1498,7513.319,3417.347284
1499,7517.74,3419.133784
1500,7523.0375,3420.670284
1501,7528.869,3422.546284
1502,7534.2635,3424.397284
1503,7539.8625,3426.170784
1504,7544.38,3427.802284
1505,7549.5375,3429.513784
1506,7553.781,3431.168784
1507,7559.432,3432.946284
1508,7564.1515,3434.467284
1509,7568.636,3436.204784
1510,7573.9965,3437.781284
1511,7578.3215,3446.147533
1512,7583.046,3447.667033
1513,7588.358,3449.431533
1514,7592.571,3451.099533
1515,7597.0925,3459.992716
1516,7601.599,3461.648216
1517,7606.0765,3463.289716
1518,7611.8025,3464.907716
1519,7617.635,3466.792716
1520,7623.4875,3468.667716
1521,7627.96,3470.380716
1522,7632.863,3471.964716
1523,7637.8735,3473.638716
1524,7643.7115,3485.59591
1525,7649.332,3487.43391
1526,7654.4785,3488.95641
1527,7658.6835,3490.62191
1528,7663.6645,3492.28991
1529,7669.3945,3493.97191
1530,7674.5135,3495.65541
1531,7679.033,3497.46041
1532,7684.2865,3499.23591
1533,7688.8635,3500.76291
1534,7694.688,3502.44791
1535,7698.7225,3504.22991
1536,7703.2855,3505.78591
1537,7708.8565,3507.45441
1538,7713.963,3508.98391
1539,7719.019,3510.83341
1540,7723.542,3512.64841
1541,7728.6895,3514.39441
1542,7733.688,3516.05691
1543,7738.442,3517.64391
1544,7743.4245,3519.18141
1545,7749.032,3520.84341
1546,7754.606,3522.63591
1547,7759.163,3524.11041
1548,7764.5505,3525.68891
1549,7769.1205,3527.25891
1550,7773.6145,3528.99541
1551,7778.67,3530.74141
1552,7783.253,3532.41791
1553,7787.213,3534.05141
1554,7792.26,3535.60141
1555,7797.3295,3537.44841
1556,7801.8455,3539.06341
1557,7806.884,3540.72691
1558,7812.1965,3542.26791
1559,7816.8275,3543.72641
1560,7822.141,3545.25441
1561,7827.244,3546.92741
1562,7832.5565,3548.76791
1563,7837.062,3550.49591
1564,7842.476,3552.24991
1565,7846.656,3553.93591
1566,7850.873,3555.63491
1567,7854.8465,3557.27391
1568,7860.4425,3559.04641
1569,7865.885,3560.72141
1570,7870.9345,3562.26041
1571,7876.7855,3563.95391
1572,7882.1065,3565.53791
1573,7886.5805,3567.24941
1574,7890.8055,3568.90891
1575,7895.0495,3570.45641
1576,7900.871,3572.12041
1577,7906.4035,3573.78741
1578,7911.7665,3575.57091
1579,7915.777,3577.27091
1580,7920.303,3579.07041
1581,7924.8385,3580.72241
1582,7930.6685,3582.40591
1583,7935.392,3584.04541
1584,7939.548,3585.58841
1585,7944.4395,3587.12191
1586,7948.929,3588.81991
1587,7953.1515,3590.48241
1588,7957.8895,3592.12391
1589,7961.8655,3593.77191
1590,7966.9505,3595.42991
1591,7971.467,3597.14341
1592,7976.8275,3598.72241
1593,7981.3045,3600.39641
1594,7986.558,3602.06291
1595,7991.546,3603.74341
1596,7996.5765,3605.38891
1597,8001.6605,3606.97441
1598,8006.9935,3608.52541
1599,8012.16,3610.20991
1600,8016.664,3611.83091
1601,8021.23,3613.38141
1602,8026.5955,3615.06291
1603,8030.8265,3616.71941
1604,8036.63,3618.38541
1605,8042.3575,3620.07391
1606,8047.6565,3621.91941
1607,8053.0345,3623.59791
1608,8058.2955,3625.26641
1609,8063.2535,3626.92041
1610,8068.3365,3628.51741
1611,8073.856,3630.18791
1612,8078.8885,3631.84291
1613,8083.4175,3633.55341
1614,8088.7235,3635.08441
1615,8093.6875,3636.76641
1616,8098.682,3638.43691
1617,8102.941,3639.97641
1618,8107.4565,3641.59191
1619,8112.077,3643.37691
1620,8117.387,3644.93291
1621,8122.698,3646.46341
1622,8127.329,3648.19841
1623,8132.435,3649.72041
1624,8137.501,3651.24841
1625,8141.6705,3652.80091
1626,8147.4375,3654.45941
1627,8152.7495,3656.20941
1628,8158.5195,3657.87591
1629,8163.329,3659.40041
1630,8168.313,3661.07491
1631,8173.582,3662.74391
1632,8179.4535,3664.43841
1633,8184.7305,3666.21691
1634,8189.816,3667.88091
1635,8194.3885,3669.44341
1636,8199.172,3670.97441
1637,8204.097,3672.39891
1638,8208.583,3674.05841
1639,8214.1285,3675.75241
1640,8218.912,3677.29741
1641,8223.7265,3678.96041
1642,8229.0865,3680.54791
1643,8233.381,3682.10391
1644,8238.3685,3683.75641
1645,8244.237,3685.42591
1646,8248.2295,3687.14291
1647,8253.982,3688.82941
1648,8258.5435,3690.56691
1649,8263.587,3692.22791
1650,8268.9645,3693.98841
1651,8273.5585,3695.53841
1652,8278.6195,3697.28691
1653,8283.459,3698.82491
1654,8288.4975,3700.45791
1655,8293.378,3702.18291
1656,8298.664,3703.85991
1657,8304.0475,3705.53491
1658,8308.283,3707.09241
1659,8313.662,3708.76691
1660,8318.5285,3710.49041
1661,8323.918,3721.098252
1662,8328.495,3722.656252
1663,8333.4715,3724.323252
1664,8338.0395,3725.884252
1665,8343.118,3727.422752
1666,8348.024,3729.084752
1667,8353.605,3730.856252
1668,8358.9905,3732.620752
1669,8363.628,3734.146752
1670,8368.894,3735.779752
1671,8373.5135,3737.397752
1672,8378.817,3739.140252
1673,8383.5875,3740.823752
1674,8389.101,3742.472752
1675,8393.1015,3744.185252
1676,8398.1235,3745.717752
1677,8402.694,3747.291752
1678,8408.3105,3749.060252
1679,8413.2535,3750.696752
1680,8418.079,3752.234752
1681,8422.658,3754.022252
1682,8427.7545,3755.669252
1683,8433.596,3757.571752
1684,8439.4785,3759.241752
1685,8444.0055,3760.867752
1686,8449.2665,3762.539252
1687,8455.0725,3764.208252
1688,8459.905,3765.738252
1689,8464.3665,3767.386752
1690,8469.7475,3769.049752
1691,8475.6085,3770.708252
1692,8480.1955,3772.400252
1693,8485.218,3773.928252
1694,8490.9925,3775.600252
1695,8495.505,3777.425252
1696,8500.545,3779.203252
1697,8505.3815,3780.939252
1698,8509.8915,3782.674752
1699,8514.9735,3784.423252
1700,8519.712,3786.074752
1701,8524.281,3787.641752
1702,8529.274,3789.307752
1703,8534.2975,3790.994752
1704,8539.6225,3792.850252
1705,8544.2075,3801.84313
1706,8549.527,3803.37213
1707,8555.163,3805.13613
1708,8559.99,3806.87613
1709,8565.0395,3808.40513
1710,8570.17,3809.92513
1711,8574.7455,3811.48663
1712,8579.318,3813.09963
1713,8584.937,3814.97013
1714,8589.1035,3816.52163
1715,8594.153,3818.15863
1716,8598.12,3819.81263
1717,8602.109,3821.45563
1718,8607.989,3823.39413
1719,8613.728,3825.04963
1720,8619.2615,3826.70663
1721,8624.5535,3828.38313
1722,8630.145,3830.05413
1723,8635.476,3831.81563
1724,8640.862,3833.55613
1725,8646.4645,3835.34313
1726,8651.545,3836.98463
1727,8656.055,3838.61063
1728,8660.6115,3840.36763
1729,8665.913,3841.88713
1730,8670.9855,3843.62113
1731,8676.3255,3845.37513
1732,8681.5045,3846.92963
1733,8686.0895,3848.49513
1734,8690.567,3850.14213
1735,8696.419,3851.83063
1736,8700.9305,3853.29163
1737,8705.7045,3855.00663
1738,8710.2235,3856.63263
1739,8715.5405,3861.47763
1740,8720.1385,3863.12213
1741,8725.741,3864.89663
1742,8731.5005,3866.56263
1743,8736.767,3868.28813
1744,8740.9105,3869.84513
1745,8746.0025,3871.50063
1746,8750.4885,3873.15263
1747,8755.076,3874.71163
1748,8760.065,3876.35463
1749,8764.6295,3877.92463
1750,8769.353,3879.68563
1751,8774.743,3881.34463
1752,8779.2715,3882.99263
1753,8784.545,3884.68163
1754,8790.016,3886.41913
1755,8795.7675,3888.03413
1756,8800.491,3889.57663
1757,8804.466,3891.28463
1758,8810.089,3892.97313
1759,8814.2455,3894.52363
1760,8819.553,3896.27063
1761,8824.394,3897.80213
1762,8828.962,3899.37013
1763,8834.844,3901.04663
1764,8838.821,3902.82113
1765,8843.9975,3904.34813
1766,8848.4815,3905.98763
1767,8852.9595,3907.46063
1768,8857.9675,3909.19113
1769,8862.725,3910.81713
1770,8867.4685,3912.35363
1771,8872.856,3914.02113
1772,8877.359,3915.66013
1773,8881.7905,3917.22263
1774,8887.154,3918.79763
1775,8892.159,3920.32013
1776,8898.07,3921.98563
1777,8903.4325,3923.72113
1778,8908.497,3925.36313
1779,8913.806,3926.88813
1780,8918.39,3928.46113
1781,8924.139,3930.13463
1782,8928.7285,3931.69563
1783,8934.455,3933.38763
1784,8939.6745,3935.05613
1785,8944.652,3936.73413
1786,8949.1655,3938.35813
1787,8954.8,3940.02613
1788,8960.616,3941.77163
1789,8965.423,3943.29963
1790,8969.9985,3944.98563
1791,8975.289,3946.65063
1792,8979.815,3948.29313
1793,8984.275,3949.82563
1794,8989.665,3951.58263
1795,8995.504,3953.25763
1796,9000.0595,3954.82063
1797,9004.7695,3956.35013
1798,9009.4185,3957.82413
1799,9013.6465,3959.48913
1800,9018.227,3961.16163
1801,9024.1055,3962.83263
1802,9028.2985,3964.49313
1803,9033.576,3966.13613
1804,9037.561,3967.84663
1805,9042.135,3969.40963
1806,9047.8775,3971.01413
1807,9053.6005,3972.71163
1808,9057.558,3974.35513
1809,9062.388,3976.00963
1810,9067.371,3977.66163
1811,9072.07,3979.31113
1812,9077.43,3980.89763
1813,9081.909,3982.59113
1814,9087.002,3984.12513
1815,9091.5755,3985.69163
1816,9096.6085,3987.21613
1817,9101.6925,3988.86513
1818,9107.5185,3990.53863
1819,9112.622,3992.28363
1820,9117.6595,3994.03963
1821,9122.1655,3995.76763
1822,9127.1615,3997.42313
1823,9131.634,3999.01763
1824,9136.637,4000.69963
1825,9141.2105,4002.38863
1826,9145.707,4004.12413
1827,9151.0575,4005.67263
1828,9156.8615,4007.44813
1829,9162.4695,4009.24913
1830,9167.021,4010.92063
1831,9172.056,4012.58563
1832,9177.0585,4014.26513
1833,9182.8045,4015.92763
1834,9188.6765,4017.61813
1835,9193.4425,4019.25963
1836,9199.0385,4020.91863
1837,9204.3375,4022.44863
1838,9209.638,4024.22763
1839,9215.5255,4025.90213
1840,9221.3625,4027.57813
1841,9226.5305,4029.24513
1842,9230.5195,4030.90413
1843,9235.1055,4032.44763
1844,9240.4705,4034.02763
1845,9245.7695,4035.68863
1846,9251.0975,4037.21963
1847,9256.2305,4038.76263
1848,9260.4855,4040.64863
1849,9265.6765,4042.31813
1850,9270.7205,4044.16663
1851,9275.988,4045.81013
1852,9280.722,4047.45263
1853,9286.342,4049.23213
1854,9292.181,4051.15213
1855,9297.333,4056.00063
1856,9301.9205,4057.56113
1857,9306.1395,4059.24563
1858,9311.677,4060.91413
1859,9317.5075,4062.59863
1860,9322.318,4064.17513
1861,9327.1685,4065.71163
1862,9332.2475,4067.34763
1863,9337.12,4069.13463
1864,9342.4105,4070.77613
1865,9346.884,4072.43563
1866,9351.955,4074.09613
1867,9357.785,4075.76713
1868,9362.6505,4077.30513
1869,9367.6735,4078.81913
1870,9372.6745,4080.48563
1871,9377.2725,4082.14363
1872,9381.725,4083.65763
1873,9386.296,4085.22413
1874,9390.9015,4086.77713
1875,9395.452,4088.59263
1876,9400.7455,4090.13063
1877,9404.698,4091.78463
1878,9409.9725,4093.55313
1879,9414.551,4095.25013
1880,9418.5635,4097.02763
1881,9423.6065,4098.67413
1882,9428.167,4100.14413
1883,9433.7995,4102.02213
1884,9439.655,4103.70013
1885,9444.8315,4105.42713
1886,9449.3575,4107.13413
1887,9453.3415,4108.83863
1888,9457.9155,4110.40213
1889,9463.739,4112.07313
1890,9468.286,4113.62813
1891,9474.109,4115.29863
1892,9479.433,4116.82263
1893,9484.2025,4118.47513
1894,9488.7105,4120.28413
1895,9493.569,4122.01963
1896,9497.98,4123.76863
1897,9503.8085,4125.45013
1898,9509.6375,4127.13463
1899,9514.9385,4128.80463
1900,9520.247,4130.34713
1901,9525.6075,4131.91813
1902,9530.134,4133.43863
1903,9534.422,4135.10513
1904,9539.4995,4136.76663
1905,9544.798,4138.29163
1906,9550.3635,4139.93463
1907,9556.228,4141.66613
1908,9561.502,4143.34613
1909,9567.3615,4145.02413
1910,9571.5155,4146.56513
1911,9576.867,4148.15413
1912,9581.326,4149.80513
1913,9586.9385,4151.58663
1914,9591.5445,4153.15913
1915,9595.525,4154.80813
1916,9600.7615,4156.49313
1917,9605.715,4158.13463
1918,9611.017,4159.87413
1919,9615.7185,4161.38913
1920,9620.9975,4163.16713
1921,9626.372,4164.73213
1922,9631.696,4166.49163
1923,9635.843,4168.12163
1924,9639.8685,4169.83363
1925,9644.591,4174.54513
1926,9649.0555,4176.19063
1927,9654.126,4177.84413
1928,9659.015,4179.57013
1929,9663.309,4181.22313
1930,9667.545,4182.87563
1931,9673.133,4184.66313
1932,9677.723,4186.22063
1933,9683.0385,4187.75263
1934,9687.055,4189.46113
1935,9691.56,4191.08513
1936,9696.9365,4192.86463
1937,9702.8305,4194.55413
1938,9708.3765,4196.21913
1939,9714.215,4198.11013
1940,9719.4795,4199.74513
1941,9725.2065,4201.41113
1942,9730.5075,4202.94113
1943,9735.037,4204.65713
1944,9739.1005,4206.30613
1945,9743.85,4207.94363
1946,9748.9105,4209.45563
1947,9753.2945,4211.00913
1948,9757.792,4212.65413
1949,9762.957,4214.18263
1950,9767.8335,4215.71963
1951,9772.113,4217.36713
1952,9776.68,4218.93763
1953,9781.725,4220.57913
1954,9786.1785,4222.27363
1955,9791.4415,4223.95913
1956,9796.7895,4225.60213
1957,9801.853,4227.35063
1958,9807.148,4229.20663
1959,9811.103,4230.86063
1960,9815.655,4232.49163
1961,9819.617,4234.14063
1962,9824.99,4235.92863
1963,9829.5285,4237.56013
1964,9835.2785,4239.21713
1965,9840.477,4240.94813
1966,9844.515,4242.58013
1967,9850.3315,4244.25813
1968,9855.489,4245.94113
1969,9860.62,4250.77063
1970,9865.758,4252.43763
1971,9870.3425,4254.00713
1972,9875.389,4255.74463
1973,9880.205,4257.26363
1974,9884.7745,4258.95963
1975,9889.7735,4260.63763
1976,9893.764,4262.36813
1977,9899.064,4264.24063
1978,9904.1065,4265.76063
1979,9909.0755,4267.43613
1980,9914.914,4269.20713
1981,9919.0735,4270.74363
1982,9923.2695,4272.40913
1983,9927.9715,4273.92713
1984,9933.5345,4275.58763
1985,9938.136,4277.17863
1986,9943.3145,4278.76513
1987,9948.6275,4280.34913
1988,9953.4435,4282.02363
1989,9959.2805,4283.69463
1990,9964.1595,4285.22863
1991,9969.4885,4286.88163
1992,9974.213,4288.40763
1993,9979.9775,4290.10613
1994,9984.499,4291.72663
1995,9989.04,4293.36863
1996,9994.779,4295.05213
1997,10000.092,4296.59063
1998,10004.8345,4298.39463
1999,10010.141,4300.03813
2000,10015.1815,4301.78663
2001,10019.3955,4303.45163
2002,10025.112,4305.13313
2003,10030.494,4306.78563
2004,10036.0905,4308.56763
2005,10041.9945,4310.22763
2006,10047.0365,4311.87813
2007,10052.8095,4313.54363
2008,10057.851,4315.18813
2009,10063.211,4316.76763
2010,10068.5175,4318.43413
2011,10074.291,4320.10713
2012,10079.149,4321.81063
2013,10084.196,4323.45113
2014,10089.5865,4325.20713
2015,10094.446,4326.75363
2016,10099.8045,4328.33163
2017,10104.9025,4330.00663
2018,10109.6925,4331.78163
2019,10114.1975,4333.30063
2020,10118.165,4334.96113
2021,10122.6835,4336.57763
2022,10126.9025,4338.28313
2023,10132.2405,4339.86663
2024,10137.325,4341.61713
2025,10142.737,4343.37563
2026,10148.575,4345.04963
2027,10154.1825,4346.84263
2028,10158.74,4348.39413
2029,10163.776,4358.732802
2030,10169.251,4360.393802
2031,10174,4362.050802
2032,10178.966,4363.697302
2033,10183.448,4365.294802
2034,10188.486,4366.878802
2035,10194.072,4368.637302
2036,10199.9245,4370.538802
2037,10205.13,4372.084802
2038,10211.004,4373.752302
2039,10215.5155,4375.476802
2040,10220.1425,4376.931802
2041,10225.151,4378.577802
2042,10230.6945,4380.226302
2043,10234.692,4381.845302
2044,10240.341,4383.534802
2045,10245.645,4385.284302
2046,10251.0285,4386.934802
2047,10256.3515,4388.466802
2048,10260.36,4390.119302
2049,10265.668,4391.879802
2050,10271.2455,4393.546302
2051,10277.066,4395.440802
2052,10282.3535,4397.113302
2053,10287.656,4398.792802
2054,10292.3985,4400.428802
2055,10297.2525,4402.071802
2056,10302.503,4403.759802
2057,10307.065,4405.315802
2058,10312.6995,4406.992802
2059,10317.7555,4408.627802
2060,10322.2425,4410.291302
2061,10327.299,4411.937802
2062,10333.1255,4413.675302
2063,10337.758,4415.394802
2064,10342.2275,4417.094302
2065,10347.1515,4421.878802
2066,10352.1925,4423.413802
2067,10357.3605,4424.950302
2068,10361.5475,4426.612302
2069,10366.126,4428.159802
2070,10370.4285,4429.712802
2071,10375.756,4431.248802
2072,10380.666,4432.783302
2073,10386.3995,4444.745517
2074,10391.231,4446.392017
2075,10396.5765,4447.965517
2076,10401.983,4449.854517
2077,10407.4025,4451.620017
2078,10412.7635,4453.370017
2079,10417.343,4454.927517
2080,10422.3935,4456.783017
2081,10427.6755,4458.464017
2082,10432.248,4460.018517
2083,10436.7345,4461.690017
2084,10442.5685,4463.546517
2085,10447.9525,4465.216517
2086,10453.0015,4466.868017
2087,10457.523,4468.458017
2088,10462.0945,4470.153017
2089,10467.9685,4471.830517
2090,10472.492,4473.307517
2091,10477.7905,4474.846517
2092,10481.957,4476.390517
2093,10487.3785,4478.140017
2094,10492.1855,4479.674517
2095,10496.6815,4481.307517
2096,10501.983,4483.057517
2097,10506.972,4484.722517
2098,10510.975,4486.443017
2099,10516.044,4488.075017
2100,10520.89,4489.699017
2101,10525.8495,4491.351017
2102,10531.16,4493.090517
2103,10535.725,4494.648517
2104,10541.3135,4496.418517
2105,10546.679,4498.178517
2106,10551.4045,4499.751517
2107,10556.61,4501.494017
2108,10560.5805,4503.146017
2109,10565.9675,4504.820517
2110,10571.809,4506.717017
2111,10576.4145,4508.268517
2112,10581.2205,4509.912017
2113,10585.9445,4511.595017
2114,10590.3385,4513.134517
2115,10596.0725,4514.759017
2116,10601.1355,4516.401017
2117,10606.966,4518.278517
2118,10612.2845,4520.028517
2119,10617.346,4521.872017
2120,10622.8685,4523.516017
2121,10627.9055,4525.175517
2122,10633.2805,4526.824017
2123,10638.6205,4528.346017
2124,10643.2475,4529.900517
2125,10647.821,4531.456017
2126,10653.1265,4533.202517
2127,10657.6975,4534.765017
2128,10663.0165,4536.295017
2129,10668.3725,4537.872517
2130,10673.6975,4539.727017
2131,10678.2865,4541.282517
2132,10684.025,4542.955017
2133,10688.2175,4544.627517
2134,10693.2055,4546.308017
2135,10697.659,4547.971017
2136,10702.955,4549.729017
2137,10708.015,4551.383517
2138,10713.7935,4553.056517
2139,10718.672,4554.596517
2140,10723.7025,4556.445517
2141,10729.264,4558.109017
2142,10733.279,4559.723517
2143,10738.1655,4561.442017
2144,10743.4225,4563.100517
2145,10749.227,4565.048517
2146,10754.607,4566.801017
2147,10759.906,4568.562517
2148,10765.6215,4570.245017
2149,10770.939,4572.034517
2150,10776.3445,4573.661517
2151,10781.692,4575.237017
2152,10786.7565,4576.984017
2153,10791.2405,4578.655017
2154,10796.873,4580.521017
2155,10801.9235,4582.281517
2156,10807.0085,4584.038517
2157,10812.0795,4585.774017
2158,10816.671,4587.337017
2159,10820.868,4589.007017
2160,10825.1935,4590.564017
2161,10830.23,4592.101517
2162,10834.207,4593.768517
2163,10839.826,4595.552517
2164,10845.1745,4597.307517
2165,10850.713,4598.971017
2166,10855.46,4600.588017
2167,10860.4655,4602.243017
2168,10865.4745,4603.909017
2169,10869.4665,4605.542517
2170,10874.033,4607.113017
2171,10878.048,4608.737017
2172,10883.392,4610.392017
2173,10888.392,4612.056517
2174,10892.856,4613.720517
2175,10898.2005,4615.296517
2176,10902.984,4616.739017
2177,10908.28,4618.394517
2178,10913.1615,4620.052017
2179,10918.529,4621.722517
2180,10922.775,4623.287517
2181,10928.041,4625.035017
2182,10933.376,4626.552517
2183,10938.384,4628.223017
2184,10943.477,4629.749017
2185,10948.5835,4631.582517
2186,10953.6165,4633.336017
2187,10958.2775,4634.865017
2188,10963.8425,4636.518517
2189,10967.852,4638.216517
2190,10973.176,4639.651017
2191,10978.408,4641.329517
2192,10982.942,4642.953017
2193,10987.7675,4644.492517
2194,10993.614,4646.384017
2195,10998.317,4647.849017
2196,11003.635,4649.372517
2197,11008.226,4650.938017
2198,11013.787,4652.610017
2199,11018.279,4654.237017
2200,11024.0965,4655.908517
2201,11028.6905,4657.463017
2202,11033.265,4659.019017
2203,11038.8195,4660.683017
2204,11044.598,4662.384017
2205,11049.336,4664.124517
2206,11053.8085,4665.586517
2207,11058.391,4667.136517
2208,11063.1405,4668.665017
2209,11067.958,4670.302517
2210,11072.9225,4671.901517
2211,11077.511,4673.461017
2212,11082.814,4675.012517
2213,11088.081,4676.687517
2214,11092.1005,4678.459017
2215,11097.684,4680.115517
2216,11102.486,4681.836517
2217,11107.37,4683.359017
2218,11112.1025,4684.988017
2219,11117.186,4686.648517
2220,11121.186,4688.289517
2221,11125.7015,4690.013517
2222,11131.2685,4691.665517
2223,11136.5575,4693.200517
2224,11141.125,4694.766517
2225,11145.6595,4696.571517
2226,11151.4845,4698.228517
2227,11155.7025,4699.767517
2228,11160.2555,4701.337517
2229,11165.325,4702.984517
2230,11170.4145,4704.745517
2231,11175.668,4706.425517
2232,11179.647,4708.090017
2233,11184.479,4709.853017
2234,11189.31,4711.646517
2235,11194.681,4713.298017
2236,11200.302,4715.079517
2237,11205.3845,4716.830017
2238,11210.818,4718.623517
2239,11215.018,4720.301017
2240,11220.3135,4721.826517
2241,11225.623,4723.411017
2242,11230.6745,4725.176017
2243,11235.7955,4726.843517
2244,11241.35,4728.503517
2245,11246.413,4730.141017
2246,11252.0465,4731.798517
2247,11256.6045,4733.361517
2248,11261.6635,4735.015517
2249,11266.3885,4736.659017
2250,11271.513,4738.205517
2251,11277.2485,4739.900017
2252,11282.4045,4741.762517
2253,11288.158,4743.444517
2254,11292.871,4745.103517
2255,11297.765,4746.665017
2256,11303.321,4748.329017
2257,11307.3225,4750.030017
2258,11312.66,4751.723017
2259,11317.173,4753.380517
2260,11321.831,4754.971017
2261,11327.5675,4756.652017
2262,11333.4145,4758.335517
2263,11337.928,4760.160017
2264,11341.9225,4761.870517
2265,11347.7645,4763.769017
2266,11353.488,4765.444517
2267,11358.3615,4766.995517
2268,11363.7535,4768.763017
2269,11368.8065,4770.498017
2270,11373.848,4772.025017
2271,11379.6475,4773.700017
2272,11385.482,4775.589017
2273,11390.4435,4777.234017
2274,11396.0285,4779.012517
2275,11401.87,4780.691017
2276,11406.453,4782.245517
2277,11411.8655,4783.887017
2278,11416.5625,4785.417517
2279,11421.657,4787.174017
2280,11427.049,4788.946517
2281,11432.093,4790.785517
2282,11436.672,4792.353017
2283,11441.3015,4793.818517
2284,11445.8305,4795.645017
2285,11449.8515,4797.370017
2286,11455.483,4799.146517
2287,11459.623,4800.698017
2288,11465.091,4802.438017
2289,11470.1175,4803.982017
2290,11475.213,4808.800017
2291,11479.997,4810.334017
2292,11484.843,4811.880017
2293,11490.0975,4813.547517
2294,11495.4235,4815.394517
2295,11499.9235,4816.874517
2296,11505.7735,4818.605517
2297,11511.0395,4820.256517
2298,11516.635,4821.901517
2299,11520.615,4823.556017
2300,11525.587,4825.205017
2301,11529.8805,4826.755517
2302,11534.385,4828.392017
2303,11538.3995,4830.019517
2304,11544.158,4831.689517
2305,11549.134,4833.365517
2306,11554.0335,4835.037017
2307,11558.6155,4836.586017
2308,11564.3145,4838.293017
2309,11569.384,4839.962017
2310,11574.6525,4841.618517
2311,11580.5035,4843.299517
2312,11586.3595,4845.149017
2313,11591.665,4846.908017
2314,11597.269,4848.568017
2315,11601.873,4850.045017
2316,11607.2305,4851.618017
2317,11612.967,4853.309517
2318,11617.2735,4854.854017
2319,11623.0415,4856.529517
2320,11628.0985,4858.265517
2321,11633.934,4859.928017
2322,11638.9585,4861.590017
2323,11644.321,4863.152017
2324,11650.133,4865.012017
2325,11654.3335,4866.676017
2326,11660.1545,4868.528517
2327,11664.1345,4870.170017
2328,11669.9495,4871.840517
2329,11675.5185,4873.507017
2330,11680.599,4875.151017
2331,11685.446,4876.805017
2332,11690.514,4878.449517
2333,11695.3685,4880.041517
2334,11700.671,4881.791517
2335,11705.288,4883.359017
2336,11710.4295,4885.021017
2337,11715.503,4886.665517
2338,11720.2415,4888.241517
2339,11725.218,4889.922017
2340,11729.7345,4891.697017
2341,11735.2915,4893.339517
2342,11739.8355,4895.144017
2343,11744.4155,4896.702017
2344,11750.242,4898.375517
2345,11755.6085,4899.823017
2346,11759.825,4901.492517
2347,11764.8815,4903.148517
2348,11770.032,4904.909017
2349,11775.0725,4906.661017
2350,11780.8385,4918.612265
2351,11786.154,4920.374265
2352,11791.686,4922.041765
2353,11796.564,4923.572765
2354,11801.807,4925.258765
2355,11806.364,4926.717265
2356,11811.7025,4928.551765
2357,11817.011,4930.090265
2358,11821.246,4931.782265
2359,11827.025,4933.478265
2360,11831.5345,4935.103265
2361,11836.888,4936.748765
2362,11841.349,4938.456265
2363,11846.6585,4940.028265
2364,11851.962,4941.772765
2365,11856.5635,4943.328265
2366,11861.264,4944.802765
2367,11866.2605,4954.795684
2368,11872.0635,4956.479184
2369,11876.5705,4958.211184
2370,11881.624,4959.842684
2371,11887.457,4961.571684
2372,11892.0145,4963.403184
2373,11896.2205,4965.106684
2374,11901.962,4966.781684
2375,11906.536,4968.395184
2376,11910.503,4970.093684
2377,11916.1545,4971.761684
2378,11920.741,4973.328184
2379,11926.4815,4975.009184
2380,11931.7945,4976.763184
2381,11937.098,4978.297684
2382,11942.477,4979.829684
2383,11947.057,4981.512184
2384,11951.714,4983.050184
2385,11956.7705,4984.701184
2386,11961.368,4986.263684
2387,11965.604,4987.936184
2388,11970.8635,4989.697184
2389,11976.392,4991.357184
2390,11982.167,4992.966684
2391,11987.2105,4994.610184
2392,11992.574,4996.367684
2393,11997.6215,4998.012684
2394,12003.3695,4999.657684
2395,12008.3385,5001.327184
2396,12013.656,5003.087184
2397,12018.486,5004.737184
2398,12023.5145,5006.268184
2399,12027.717,5007.945684
2400,12032.67,5009.600684
2401,12038.17,5011.250184
2402,12042.501,5012.916184
2403,12047.492,5014.586184
2404,12052.0195,5016.213684
2405,12056.8585,5017.737184
2406,12062.495,5019.506684
2407,12067.472,5021.192184
2408,12072.7335,5022.865184
2409,12076.7345,5024.583684
2410,12082.1215,5026.272684
2411,12087.8565,5027.956684
2412,12091.8395,5029.577684
2413,12095.827,5031.231684
2414,12100.3075,5032.689184
2415,12104.9035,5034.313684
2416,12110.0745,5035.982684
2417,12115.624,5037.643684
2418,12121.1635,5039.300184
2419,12125.335,5040.852684
2420,12130.309,5042.516684
2421,12136.065,5044.197184
2422,12140.9525,5045.752684
2423,12146.784,5047.436684
2424,12152.316,5049.108184
2425,12157.6205,5053.978184
2426,12162.5455,5055.700184
2427,12168.424,5057.374184
2428,12173.497,5059.025684
2429,12178.544,5060.675184
2430,12184.3555,5062.358684
2431,12189.3915,5064.028684
2432,12194.4785,5065.659184
2433,12199.0985,5067.410684
2434,12203.8835,5069.217684
2435,12208.9315,5070.973684
2436,12214.354,5072.647184
2437,12219.175,5074.295184
2438,12224.266,5076.134184
2439,12228.7625,5077.848184
2440,12234.286,5079.507684
2441,12238.285,5081.152684
2442,12242.8945,5082.621684
2443,12247.9295,5087.464184
2444,12252.994,5089.302184
2445,12257.28,5090.845184
2446,12262.889,5092.518684
2447,12267.641,5094.166684
2448,12272.917,5095.832684
2449,12277.9325,5097.350684
2450,12282.9765,5099.096684
2451,12286.9575,5100.745184
2452,12292.341,5102.583184
2453,12297.0815,5104.043184
2454,12301.6075,5105.682184
2455,12306.1155,5107.337184
2456,12311.024,5108.858684
2457,12316.44,5110.516184
2458,12321.0565,5112.108184
2459,12326.4545,5113.755684
2460,12332.1955,5115.408184
2461,12338.035,5117.307684
2462,12343.207,5118.968684
2463,12347.781,5120.544184
2464,12352.278,5122.191184
2465,12356.6225,5123.740184
2466,12362.447,5125.465184
2467,12367.137,5127.253684
2468,12371.313,5128.790684
2469,12376.375,5130.435184
2470,12380.338,5132.092184
2471,12385.952,5133.966184
2472,12391.2785,5135.726684
2473,12396.5885,5137.254184
2474,12400.7655,5138.795184
2475,12406.6635,5140.422684
2476,12410.8915,5141.967184
2477,12416.2585,5143.548184
2478,12421.415,5145.428184
2479,12425.9065,5147.236684
2480,12430.756,5148.759184
2481,12435.905,5150.530684
2482,12440.3985,5152.186184
2483,12444.3725,5153.838684
2484,12448.5845,5155.519184
2485,12454.4305,5157.290184
2486,12460.2735,5158.949684
2487,12466.1055,5160.632684
2488,12470.985,5162.174684
2489,12475.7845,5163.695184
2490,12480.003,5165.360684
2491,12485.0505,5167.002684
2492,12490.2515,5168.669184
2493,12495.592,5170.238684
2494,12501.327,5171.928684
2495,12506.47,5173.467684
2496,12511.977,5175.343184
2497,12517.618,5177.191184
2498,12522.9275,5178.939684
2499,12528.233,5180.779184
2500,12533.214,5182.456684
2501,12538.018,5183.991684
2502,12542.525,5185.718184
2503,12547.623,5187.359684
2504,12552.627,5189.034684
2505,12556.672,5190.684684
2506,12561.986,5192.336684
2507,12567.368,5194.113684
2508,12572.6565,5195.849684
2509,12577.6875,5197.490184
2510,12582.7665,5199.263684
2511,12588.3815,5201.034684
2512,12594.2535,5202.715684
2513,12599.068,5204.241684
2514,12604.101,5205.775184
2515,12608.6785,5207.339184
2516,12612.883,5209.023184
2517,12618.697,5210.697684
2518,12623.7765,5212.335684
2519,12629.3485,5214.003684
2520,12635.161,5215.674684
2521,12640.966,5217.354684
2522,12646.79,5219.031184
2523,12651.38,5220.591184
2524,12656.288,5222.429684
2525,12660.7435,5224.083184
2526,12665.0915,5225.646684
2527,12669.0485,5227.287684
2528,12673.896,5228.816684
2529,12678.9225,5230.487184
2530,12683.7,5232.018184
2531,12688.2425,5233.642184
2532,12693.842,5235.405184
2533,12698.549,5236.877684
2534,12703.3375,5238.411184
2535,12707.9,5240.005184
2536,12712.4565,5241.796184
2537,12717.6115,5243.675684
2538,12722.3795,5245.206684
2539,12727.496,5246.744184
2540,12732.27,5248.313684
2541,12737.5645,5250.223684
2542,12742.8085,5251.910684
2543,12747.5465,5253.446684
2544,12752.809,5255.125184
2545,12757.544,5256.559684
2546,12762.136,5258.126184
2547,12767.946,5260.012684
2548,12773.328,5261.699184
2549,12778.7075,5263.465684
2550,12783.712,5265.162684
2551,12788.7085,5266.841184
2552,12793.2785,5268.407184
2553,12798.473,5270.143184
2554,12802.438,5271.797184
2555,12807.8145,5273.549184
2556,12812.3775,5275.091184
2557,12816.3655,5276.729684
2558,12821.248,5278.541184
2559,12826.452,5280.078684
2560,12831.5095,5281.740184
2561,12836.231,5283.285184
2562,12841.6505,5285.171184
2563,12846.742,5286.851184
2564,12851.612,5288.606184
2565,12856.658,5290.263684
2566,12862.207,5291.920184
2567,12867.6995,5293.593184
2568,12872.1835,5295.397684
2569,12877.2475,5297.043184
2570,12881.7055,5298.712184
2571,12886.626,5303.434684
2572,12891.527,5304.879184
2573,12897.1305,5306.658184
2574,12901.2915,5308.207684
2575,12905.25,5309.854184
2576,12909.821,5311.400184
2577,12914.5575,5313.057184
2578,12919.54,5314.750684
2579,12924.668,5316.422684
2580,12929.5795,5317.962184
2581,12933.7285,5319.511184
2582,12939.5605,5321.193184
2583,12944.5965,5322.841684
2584,12949.1425,5324.302184
2585,12954.9785,5325.974184
2586,12959.784,5327.517684
2587,12964.65,5329.068184
2588,12969.723,5330.711184
2589,12974.694,5332.400184
2590,12978.8205,5333.953184
2591,12983.675,5335.603684
2592,12987.6815,5337.236684
2593,12991.677,5339.027684
2594,12996.6645,5340.684684
2595,13001.152,5342.405184
2596,13005.724,5343.962684
2597,13011.467,5345.629184
2598,13016.203,5347.431184
2599,13021.5085,5349.106684
2600,13025.735,5350.781684
2601,13030.4585,5352.366684
2602,13036.054,5354.031184
2603,13040.3385,5355.583684
2604,13045.553,5357.161684
2605,13050.1225,5358.726684
2606,13054.325,5360.408684
2607,13058.322,5362.022184
2608,13064.1335,5363.704184
2609,13069.981,5365.322184
2610,13075.391,5367.058184
2611,13079.386,5368.773184
2612,13084.653,5370.429684
2613,13089.1585,5372.136184
2614,13094.4225,5373.796184
2615,13098.9425,5375.615684
2616,13103.4535,5377.438684
2617,13108.8185,5379.002184
2618,13112.8155,5380.693684
2619,13117.8535,5382.438184
2620,13123.111,5384.211184
2621,13127.6775,5385.783184
2622,13133.2945,5387.572184
2623,13137.526,5389.271184
2624,13142.791,5390.949184
2625,13147.5245,5392.585184
2626,13152.059,5401.619668
2627,13157.057,5403.293168
2628,13162.889,5404.952168
2629,13167.9435,5406.793168
2630,13173.2555,5408.548168
2631,13178.52,5410.208668
2632,13183.5595,5411.854168
2633,13188.1595,5413.405668
2634,13193.103,5414.977168
2635,13197.6325,5416.608668
2636,13201.876,5418.305168
2637,13207.1875,5419.839168
2638,13213.024,5421.519168
2639,13218.1725,5423.188168
2640,13223.512,5424.928668
2641,13228.8205,5426.470168
2642,13233.577,5428.130668
2643,13239.2325,5429.795168
2644,13245.0015,5431.478168
2645,13250.2985,5433.150668
2646,13255.662,5447.030514
2647,13260.962,5451.877514
2648,13265.8725,5453.659514
2649,13271.1715,5455.326514
2650,13276.416,5456.996014
2651,13280.8845,5458.662014
2652,13285.8015,5460.342014
2653,13290.814,5462.005514
2654,13295.8885,5463.653014
2655,13300.813,5465.188014
2656,13306.662,5466.867514
2657,13311.688,5468.510514
2658,13317.447,5470.162014
2659,13322.1665,5471.806514
2660,13326.895,5473.462514
2661,13332.251,5483.905897
2662,13337.0695,5485.548397
2663,13342.668,5487.208397
2664,13347.015,5488.877397
2665,13351.5345,5490.506897
2666,13355.8315,5492.078897
2667,13361.0135,5493.609897
2668,13364.9665,5495.270897
2669,13370.0285,5496.998897
2670,13374.608,5498.692897
2671,13379.7925,5500.376897
2672,13384.7815,5502.019397
2673,13390.088,5503.758397
2674,13395.932,5505.445897
2675,13400.9585,5507.115897
2676,13406.243,5508.865397
2677,13411.655,5510.598897
2678,13416.0935,5512.184897
2679,13421.255,5513.935397
2680,13426.7475,5515.591897
2681,13432.0845,5517.135897
2682,13437.664,5518.911897
2683,13443.136,5520.623397
2684,13447.7095,5522.184897
2685,13452.0775,5523.714397
2686,13457.4415,5525.277897
2687,13462.802,5527.128397
2688,13467.0335,5528.770397
2689,13472.7725,5530.451897
2690,13477.6475,5531.984397
2691,13482.3625,5533.416897
2692,13487.4025,5543.689261
2693,13493.0555,5545.440261
2694,13498.8415,5547.110261
2695,13504.083,5551.968761
2696,13508.5995,5553.684761
2697,13513.7845,5555.433261
2698,13519.618,5557.106761
2699,13525.2605,5558.777261
2700,13529.791,5560.607761
2701,13534.377,5562.182261
2702,13538.8335,5563.838761
2703,13543.8885,5565.486761
2704,13548.959,5567.135761
2705,13552.9645,5568.761261
2706,13557.8795,5570.300761
2707,13562.5575,5571.834761
2708,13568.3755,5573.497761
2709,13574.2275,5575.159261
2710,13579.344,5576.679761
2711,13584.411,5578.430761
2712,13589.327,5579.956261
2713,13594.0385,5581.648261
2714,13598.7975,5583.203761
2715,13603.826,5584.935261
2716,13609.3465,5586.607761
2717,13614.656,5588.404261
2718,13619.7235,5598.734472
2719,13625.3345,5600.514972
2720,13629.5455,5602.170972
2721,13634.929,5603.720472
2722,13640.5495,5605.487472
2723,13645.2655,5607.166472
2724,13650.063,5608.866472
2725,13655.317,5610.556972
2726,13660.322,5612.288472
2727,13665.0345,5614.050972
2728,13670.7945,5615.724472
2729,13675.3725,5617.295472
2730,13679.8325,5618.875972
2731,13684.685,5620.562472
2732,13689.9945,5622.424472
2733,13694.2615,5623.941472
2734,13698.419,5625.477972
2735,13703.4095,5627.144972
2736,13707.8405,5628.606472
2737,13712.2985,5630.264972
2738,13717.2515,5631.913972
2739,13722.5395,5633.590972
2740,13727.487,5635.352972
2741,13732.011,5636.999972
2742,13736.768,5638.525972
2743,13741.512,5640.175972
2744,13746.09,5641.737472
2745,13751.131,5643.251972
2746,13756.0535,5644.836972
2747,13761.097,5646.476472
2748,13766.403,5648.201972
2749,13771.5495,5649.942972
2750,13776.644,5651.464472
2751,13781.923,5653.150472
2752,13787.749,5654.818972
2753,13791.994,5656.384972
2754,13796.5445,5658.126472
2755,13801.366,5659.861972
2756,13807.2035,5661.596972
2757,13812.001,5663.161972
2758,13817.7315,5664.767472
2759,13822.5615,5666.413972
2760,13827.878,5668.165972
2761,13832.0765,5669.850472
2762,13836.9065,5671.387472
2763,13842.4355,5673.067472
2764,13847.0225,5674.613972
2765,13852.369,5676.456472
2766,13857.759,5678.207972
2767,13863.1095,5679.779472
2768,13868.1415,5681.534972
2769,13873.699,5683.190972
2770,13878.7445,5684.829972
2771,13883.4285,5686.360972
2772,13888.465,5688.029972
2773,13894.084,5689.821972
2774,13898.477,5691.371472
2775,13904.2245,5693.054472
2776,13908.96,5694.694472
2777,13914.706,5696.389472
2778,13919.542,5698.098472
2779,13924.9525,5699.769972
2780,13930.602,5701.454472
2781,13936.324,5703.141972
2782,13941.1445,5704.662472
2783,13945.714,5706.133472
2784,13950.928,5707.790472
2785,13956.697,5709.405472
2786,13961.2695,5710.963972
2787,13967.1285,5712.634472
2788,13971.3445,5714.189472
2789,13976.713,5715.764472
2790,13981.632,5717.294472
2791,13986.624,5718.976472
2792,13990.853,5720.682472
2793,13996.442,5722.462472
2794,14001.1965,5723.973972
2795,14006.5115,5725.417972
2796,14010.483,5727.064972
2797,14015.6315,5728.787472
2798,14020.036,5730.236972
2799,14024.8575,5731.879472
2800,14029.763,5733.397972
2801,14034.9645,5735.065972
2802,14039.582,5736.751472
2803,14044.7585,5738.411972
2804,14049.6655,5739.939972
2805,14055.5005,5741.598472
2806,14060.812,5743.347972
2807,14065.92,5745.200972
2808,14069.8735,5746.859972
2809,14074.6535,5748.410472
2810,14079.621,5750.067472
2811,14085.1575,5751.753472
2812,14090.493,5753.428472
2813,14096.3305,5755.328972
2814,14101.6335,5757.088472
2815,14106.717,5758.715972
2816,14111.5155,5760.248972
2817,14116.698,5761.929972
2818,14121.2085,5763.751472
2819,14125.211,5765.359972
2820,14130.5585,5767.017972
2821,14135.6045,5768.668472
2822,14141.472,5770.344972
2823,14146.75,5772.008972
2824,14151.3245,5773.565472
2825,14156.0415,5775.205472
2826,14161.6185,5777.046972
2827,14167.013,5778.709472
2828,14171.3655,5780.271472
2829,14175.8205,5781.941972
2830,14180.6385,5783.459972
2831,14185.8945,5785.150472
2832,14191.7685,5786.832972
2833,14196.5315,5788.358972
2834,14201.0545,5790.030472
2835,14206.888,5791.805472
2836,14210.8775,5793.437472
2837,14216.1795,5794.978972
2838,14221.154,5796.652972
2839,14226.967,5798.318472
2840,14232.1335,5799.843472
2841,14237.0295,5801.434472
2842,14241.5695,5803.172972
2843,14246.2045,5804.640972
2844,14251.0965,5806.409972
2845,14256.419,5808.246972
2846,14261.203,5809.783972
2847,14265.7735,5811.332472
2848,14270.3495,5813.088972
2849,14276.101,5814.769472
2850,14280.278,5816.320972
2851,14285.586,5817.873472
2852,14290.4245,5819.525972
2853,14295.3865,5821.324472
2854,14300.7155,5822.770972
2855,14305.8265,5824.523472
2856,14310.398,5826.095472
2857,14315.6435,5827.771472
2858,14320.7385,5829.524972
2859,14325.49,5831.187972
2860,14331.386,5832.857472
2861,14337.107,5834.525972
2862,14341.802,5836.202472
2863,14345.829,5837.911472
2864,14350.8775,5839.567972
2865,14356.2605,5841.251472
2866,14361.6185,5842.904972
2867,14366.6975,5844.540972
2868,14371.427,5846.175472
2869,14377.1935,5847.863972
2870,14381.503,5849.525472
2871,14386.0675,5851.080472
2872,14391.1505,5852.620972
2873,14396.52,5854.376972
2874,14402.367,5856.258472
2875,14407.6215,5857.925972
2876,14412.145,5859.748472
2877,14416.688,5861.474972
2878,14421.2405,5863.130472
2879,14425.7045,5864.778472
2880,14431.441,5866.448472
2881,14435.9585,5867.914972
2882,14440.416,5869.377472
2883,14446.3125,5871.046972
2884,14451.1515,5872.781972
2885,14456.0125,5877.540972
2886,14460.8525,5879.070972
2887,14466.2085,5880.631972
2888,14471.7595,5882.275472
2889,14475.9645,5883.971472
2890,14480.7785,5885.613972
2891,14485.6085,5887.363972
2892,14491.0805,5889.040972
2893,14495.5375,5890.694972
2894,14500.046,5892.510972
2895,14504.6355,5894.052972
2896,14509.472,5895.496472
2897,14513.452,5897.140472
2898,14518.8635,5898.801972
2899,14524.1845,5909.582312
2900,14528.909,5911.240812
2901,14533.1275,5912.903812
2902,14537.7055,5914.377312
2903,14541.6845,5916.025312
2904,14545.862,5917.589312
2905,14551.169,5919.115312
2906,14555.118,5920.757312
2907,14560.982,5922.640312
2908,14566.812,5924.495812
2909,14571.905,5926.011812
2910,14577.7585,5927.685812
2911,14582.293,5929.339312
2912,14587.013,5930.928812
2913,14592.0515,5932.679812
2914,14596.704,5934.198812
2915,14602.3,5935.874812
2916,14607.8945,5937.668312
2917,14612.422,5939.134812
2918,14617.4865,5940.781812
2919,14622.7795,5942.419812
2920,14627.858,5944.161812
2921,14633.48,5945.928812
2922,14638.7975,5947.449812
2923,14643.353,5949.005812
2924,14648.434,5950.662312
2925,14652.4445,5952.291812
2926,14656.9345,5953.942312
2927,14661.534,5955.498812
2928,14666.0475,5957.154312
2929,14671.8595,5958.832312
2930,14677.1255,5960.473812
2931,14682.8605,5962.094812
2932,14687.4565,5963.647312
2933,14692.7255,5965.288812
2934,14698.5385,5966.978812
2935,14703.599,5968.734812
2936,14709.1985,5970.507812
2937,14714.945,5972.174312
2938,14718.909,5973.815812
2939,14724.683,5975.493812
2940,14728.9125,5977.151312
2941,14733.637,5978.792312
2942,14739.036,5980.375312
2943,14744.0875,5982.024312
2944,14749.6785,5983.793312
2945,14754.1995,5985.596312
2946,14759.8255,5987.259312
2947,14764.8255,5988.923812
2948,14770.133,5990.450312
2949,14774.8985,5991.974812
2950,14779.8755,5993.742312
2951,14784.918,5995.272312
2952,14789.473,5999.962812
2953,14795.0365,6001.618312
2954,14800.426,6003.295312
2955,14805.172,6004.953312
2956,14810.4695,6006.712812
2957,14816.312,6008.601312
2958,14821.107,6010.189812
2959,14826.8615,6011.879312
2960,14832.0595,6013.414812
2961,14836.7775,6015.064312
2962,14841.5015,6016.718312
2963,14845.934,6018.177812
2964,14850.9015,6019.702812
2965,14856.2105,6021.443312
2966,14860.8775,6023.190312
2967,14865.763,6024.733812
2968,14869.746,6026.393312
2969,14875.137,6028.075312
2970,14880.903,6029.752812
2971,14886.16,6031.418312
2972,14891.7865,6033.184812
2973,14897.398,6034.858312
2974,14903.0285,6036.636312
2975,14908.345,6038.160312
2976,14914.175,6039.819312
2977,14920.033,6041.500312
2978,14925.4185,6043.263812
2979,14930.265,6044.797312
2980,14935.521,6046.481812
2981,14939.7965,6048.033812
2982,14944.7585,6049.696812
2983,14949.843,6051.544312
2984,14955.681,6053.414312
2985,14960.9325,6055.097812
2986,14965.546,6056.675312
2987,14970.787,6058.354812
2988,14976.537,6060.032812
2989,14981.601,6061.676312
2990,14987.2175,6063.438312
2991,14991.7965,6065.091812
2992,14997.3845,6066.865312
2993,15001.9535,6068.429812
2994,15007.8045,6070.106312
2995,15013.1065,6071.648812
2996,15018.0015,6073.175812
2997,15022.5255,6074.796812
2998,15027.529,6076.461812
2999,15032.584,6078.150812
3000,15037.89,6079.690312